k_Mpc_inv,Pk_z0,Pk_z05,Pk_z1
0.0001,3.081121695372055e-08,1.8794842341769535e-08,1.1400150272876603e-08
0.00010392556829367131,3.198019496072292e-08,1.9507918926040983e-08,1.183267213546748e-08
0.00010800523745162529,3.319363415215106e-08,2.0248116832812145e-08,1.2281644636295892e-08
0.0001122450568085307,3.445323420917665e-08,2.101647286759776e-08,1.2747696657395361e-08
0.00011665131316981962,3.5760760464147454e-08,2.1814063883129947e-08,1.3231481371734558e-08
0.00012123054013376529,3.711804648889841e-08,2.264200835822803e-08,1.3733677200892411e-08
0.0001259895277795027,3.852699678914521e-08,2.350146804137858e-08,1.4254988811983727e-08
0.0001309353327353611,3.998958960961455e-08,2.4393649661864875e-08,1.4796148155557384e-08
0.00013607528864243332,4.1507879854787165e-08,2.531980671142017e-08,1.535791554627125e-08
0.0001414170170289024,4.308400213037218e-08,2.628124129952703e-08,1.5941080788237706e-08
0.0001469684386112446,4.472017391087951e-08,2.72793060856365e-08,1.654646434702542e-08
0.0001527377850390714,4.641869883892584e-08,2.8315406291744762e-08,1.717491857040256e-08
0.00015873361110102087,4.818197016218833e-08,2.939100179893488e-08,1.7827328960009682e-08
0.00016496480740980208,5.001247431421818e-08,3.050760933167309e-08,1.8504615496260724e-08
0.00017144061358519703,5.191279464563909e-08,3.1666804733839844e-08,1.9207734018886463e-08
0.00017817063195457307,5.3885615312588056e-08,3.2870225340678714e-08,1.993767766565758e-08
0.0001851648417912154,5.593372532960545e-08,3.4119572451059325e-08,2.0695478371954016e-08
0.000192433614111598,5.8060022794554504e-08,3.541661390467825e-08,2.1482208433985166e-08
0.0001999877270535287,6.026751929354116e-08,3.6763186769060106e-08,2.229898213861023e-08
0.00020783838185797573,6.255934449422315e-08,3.816120014147612e-08,2.3146957462862565e-08
0.0002159972194782717,6.493875093633725e-08,3.961263807116572e-08,2.402733784644478e-08
0.0002244763378413224,6.740911902874065e-08,4.1119562607531794e-08,2.4941374040634038e-08
0.00023328830978641582,6.997396226275768e-08,4.268411698028218e-08,2.589036603722034e-08
0.00024244620170823283,7.263693265214987e-08,4.4308528917811416e-08,2.687566508129545e-08
0.00025196359293170163,7.540182641058157e-08,4.5995114110454757e-08,2.789867577191518e-08
0.00026185459584742327,7.827258987804697e-08,4.7746279825608654e-08,2.896085825487738e-08
0.0002721338768375309,8.125332570835153e-08,4.956452868209443e-08,3.0063730512090064e-08
0.0002828166780230032,8.434829933040641e-08,5.145246259154791e-08,3.1208870752250374e-08
0.0002939188398646887,8.756194569680404e-08,5.341278687505046e-08,3.2397919907817495e-08
0.0003054568246515432,9.08988763338932e-08,5.544831456367485e-08,3.363258424354048e-08
0.00031744774091091937,9.436388670837492e-08,5.75619708921087e-08,3.491463808209872e-08
0.0003299093687770939,9.796196392628636e-08,5.975679799503469e-08,3.6245926652725954e-08
0.00034286018635565867,1.0169829478115079e-07,6.203595981650197e-08,3.762836906902579e-08
0.00035631939712285843,1.0557827416902529e-07,6.440274724310542e-08,3.9063961442539354e-08
0.0003703069584005141,1.0960751388921264e-07,6.686058347241971e-08,4.055478013900868e-08
0.0003848436109487433,1.137918518504845e-07,6.941302962879554e-08,4.2102985184679264e-08
0.0003999509097203665,1.1813736170383064e-07,7.206379063933669e-08,4.371082383041734e-08
0.0004156512558225988,1.226503629239846e-07,7.481672138363061e-08,4.5380634281874304e-08
0.0004319679297334174,1.273374313632921e-07,7.767583313160818e-08,4.711484960441808e-08
0.00044892512582186077,1.3220541030289543e-07,8.064530028476621e-08,4.891600181207131e-08
0.0004665479882234473,1.3726142202770607e-07,8.37294674369007e-08,5.0786726150251246e-08
0.0004848626481239078,1.4251287995323136e-07,8.693285677147112e-08,5.27297655826956e-08
0.000503896262506515,1.479675013340289e-07,9.026017581375763e-08,5.474797549359069e-08
0.0005236770544204656,1.5363332058537532e-07,9.371632555707894e-08,5.684432861658887e-08
0.0005442343548300267,1.5951870325168218e-07,9.730640898352612e-08,5.9021920203122403e-08
0.0005655986461065008,1.6563236065725754e-07,1.0103574000092709e-07,6.128397344318528e-08
0.0005878016072274912,1.7198336527722106e-07,1.0490985281910484e-07,6.363384515257179e-08
0.0006108761607505039,1.7858116686875052e-07,1.0893451178993782e-07,6.60750317414377e-08
0.0006348565216305217,1.8543560940534519e-07,1.1311572173726056e-07,6.861117547997772e-08
0.000659778247953954,1.9255694885949946e-07,1.1745973880429467e-07,7.12460710780148e-08
0.0006856782936641738,1.9995587188204686e-07,1.2197308184804857e-07,7.398367259635734e-08
0.000712595063356841,2.0764351542951894e-07,1.2666254441200655e-07,7.682810070892201e-08
0.0007405684692262435,2.1563148739414344e-07,1.315352073104275e-07,7.978365033583307e-08
0.0007696399902471159,2.239318882946301e-07,1.3659845185972437e-07,8.285479866901314e-08
0.0007998527336796708,2.3255733408963597e-07,1.4185997379467793e-07,8.60462136131653e-08
0.0008312514989890632,2.415209801798406e-07,1.4732779790970278e-07,8.936276266654103e-08
0.0008638828442740454,2.508365466688314e-07,1.5301029346798715e-07,9.280952226746762e-08
0.0008977951553033323,2.6051834495762023e-07,1.5891619042414833e-07,9.639178763431948e-08
0.0009330387172620361,2.705813057525127e-07,1.6505459650903274e-07,1.0011508312842969e-07
0.0009696657893145521,2.810410085713092e-07,1.714350152284986e-07,1.039851731713844e-07
0.0010077306820944617,2.919137128384513e-07,1.7806736483145527e-07,1.0800807375022696e-07
0.0010472898382363584,3.0321639066573123e-07,1.8496199830609603e-07,1.1219006454632055e-07
0.0010884019160690055,3.149667614216316e-07,1.9212972446719525e-07,1.1653770172600369e-07
0.0011311278765939214,3.2718332819923565e-07,1.9958183020153374e-07,1.2105783143371718e-07
0.0011755310738783698,3.398854163000299e-07,2.0733010394301824e-07,1.2575760403101107e-07
0.0012216773489967918,3.5309321385879363e-07,2.1538686045386412e-07,1.3064448912775365e-07
0.0012696351276599727,3.6682781474320415e-07,2.2376496699335453e-07,1.3572629145498553e-07
0.001319475521676706,3.811112638708044e-07,2.3247787096119065e-07,1.4101116763219761e-07
0.001371272434398401,3.95966605095633e-07,2.4153962910833616e-07,1.4650764388538422e-07
0.0014251026703029977,4.1141793182712765e-07,2.5096493841454786e-07,1.5222463477603724e-07
0.0014810460488806755,4.2749044055494854e-07,2.6076916873851863e-07,1.5817146300533097e-07
0.0015391855229902054,4.4421048746516286e-07,2.7096839735374934e-07,1.6435788036211025e-07
0.001599607301861488,4.616056483458507e-07,2.8157944549096895e-07,1.7079408988796475e-07
0.0016624009789266135,4.797047819936523e-07,2.926199170161279e-07,1.7749076933765133e-07
0.0017276596646690365,4.985380973471947e-07,3.041082393817887e-07,1.8445909601846204e-07
0.0017954801246878305,5.181372245887066e-07,3.16063706999111e-07,1.9171077309782147e-07
0.001865962923181746,5.385352904715552e-07,3.285065271876487e-07,1.9925805747447542e-07
0.001939212572065831,5.597669981489672e-07,3.4145786887086997e-07,2.0711378931511787e-07
0.002015337685941733,5.818687117979217e-07,3.549399141967322e-07,2.1529142336523102e-07
0.0020944511431514688,6.048785463521203e-07,3.689759132747934e-07,2.238050621502845e-07
0.002176670253153459,6.288364626792338e-07,3.835902422343326e-07,2.3266949119131648e-07
0.0022621169304690263,6.537843685602556e-07,3.988084648217559e-07,2.4190021636729456e-07
0.0023509178754572866,6.797662258529355e-07,4.1465739777029067e-07,2.5151350356558614e-07
0.0024432047621864867,7.068281642469014e-07,4.3116518019060984e-07,2.615264207713535e-07
0.002539114433680347,7.350186020453692e-07,4.483613472476752e-07,2.719568827567866e-07
0.0026387891048289345,7.643883744373043e-07,4.662769084067556e-07,2.8282369854180257e-07
0.0027423765732649493,7.949908697546412e-07,4.849444305503311e-07,2.941466218092172e-07
0.0028500304385181054,8.268821742417558e-07,5.04398126287471e-07,3.0594640446944963e-07
0.0029619103297725533,8.601212258988491e-07,5.246739477982979e-07,3.1824485358257417e-07
0.00307818214256508,8.947699779973969e-07,5.458096865784121e-07,3.3106489185903684e-07
0.0031990182847750673,9.308935729043015e-07,5.67845079471624e-07,3.4443062197459155e-07
0.0033245979322709418,9.685605268919232e-07,5.908219214040732e-07,3.583673949500116e-07
0.003455107294592218,1.007842926653869e-06,6.147841852588601e-07,3.729018828619315e-07
0.003590739891061055,1.048816638291157e-06,6.397781493576058e-07,3.8806215616772807e-07
0.0037316968377327556,1.0915615295802849e-06,6.658525330439737e-07,4.038777659447054e-07
0.0038781871456107235,1.1361617063836935e-06,6.93058640894053e-07,4.203798313619666e-07
0.004030428030568051,1.1827057641140484e-06,7.214505161095695e-07,4.376011327221979e-07
0.004188645235435271,1.2312870552166404e-06,7.510851036821506e-07,4.5557621043015697e-07
0.004353073364731892,1.2820039736887929e-06,7.820224239501637e-07,4.7434147026485337e-07
0.004523956232538054,1.3349602577113042e-06,8.143257572038956e-07,4.939352953531825e-07
0.004701547224022129,1.3902653115242987e-06,8.480618400298222e-07,5.143981652639905e-07
0.004886109671160326,1.4480345477381289e-06,8.833010741202586e-07,5.357727826631076e-07
0.005077917243205403,1.508389751328624e-06,9.201177483104607e-07,5.581042079915909e-07
0.0052772543524835375,1.5714594666245378e-06,9.58590274640968e-07,5.81440002651079e-07
0.005484416576121015,1.6373794086526586e-06,9.988014392781217e-07,6.058303812014837e-07
0.005699711094326075,1.7062929002619616e-06,1.0408386691597966e-06,6.313283730969258e-07
0.005923457145875806,1.7783513365013508e-06,1.084794315265824e-06,6.579899945054998e-07
0.006155986501483508,1.8537146777745715e-06,1.1307659534424886e-06,6.858744307765914e-07
0.006397643955748424,1.9325519733393727e-06,1.1788567037370174e-06,7.150442301355679e-07
0.006648787838417263,2.0150419167540514e-06,1.2291755692199713e-06,7.45565509198999e-07
0.006909790545715645,2.101373434901062e-06,1.281837795289648e-06,7.77508170913393e-07
0.007181039092537356,2.191746312231776e-06,1.3369652504613835e-06,8.109461355257572e-07
0.007462935686310138,2.2863718518757278e-06,1.394686829644194e-06,8.459575851940193e-07
0.007755898323389002,2.3854735752383735e-06,1.455138880895408e-06,8.826252228381982e-07
0.008060361408861344,2.4892879616692046e-06,1.5184656566182147e-06,9.210365458176057e-07
0.008376776400682925,2.5980652297123358e-06,1.5848197901245247e-06,9.612841349935642e-07
0.008705612479099865,2.7120701613487776e-06,1.6543627984227543e-06,1.0034659596990477e-06
0.009047357242349292,2.8315829704969267e-06,1.7272656120031253e-06,1.0476856990838629e-06
0.009402517429670132,2.956900216847943e-06,1.8037091322772452e-06,1.0940530802337388e-06
0.009771619672696182,3.0883357658669113e-06,1.8838848171788158e-06,1.142684233370757e-06
0.010155211276345682,3.2262217954791107e-06,1.9679952952422574e-06,1.193702064327271e-06
0.010553861030365241,3.3709098495717145e-06,2.056255008238746e-06,1.2472366443415343e-06
0.01096816005273138,3.5227719379617853e-06,2.148890882156689e-06,1.3034256170458606e-06
0.011398722666160526,3.682201681897048e-06,2.246143025957199e-06,1.3624146223019077e-06
0.011846187309026836,3.849615503448656e-06,2.34826545710368e-06,1.4243577362760026e-06
0.012311217482038908,4.025453856307198e-06,2.4555268523473907e-06,1.4894179268336633e-06
0.012794502732078734,4.2101824944814715e-06,2.5682113216336977e-06,1.5577675229581445e-06
0.013296759674662127,4.404293774201161e-06,2.6866192022627083e-06,1.6295886964544295e-06
0.013818733056536322,4.608307982911022e-06,2.8110678695757235e-06,1.7050739536770782e-06
0.014361196859990788,4.822774687586681e-06,2.9418925594278757e-06,1.784426634407072e-06
0.014924955450518291,5.048274092665813e-06,3.0794471965261457e-06,1.8678614142863507e-06
0.015510844769528406,5.2854183956380675e-06,3.224105221339221e-06,1.955604806386085e-06
0.01611973357388157,5.534853125731298e-06,3.3762604066960916e-06,2.0478956565205803e-06
0.016752524724082157,5.797258448128359e-06,3.536327653358299e-06,2.1449856258074927e-06
0.017410156523040152,6.073350412700388e-06,3.7047437517472367e-06,2.2471396526991434e-06
0.018093604107387164,6.3638821223016466e-06,3.881968094604004e-06,2.354636385251609e-06
0.018803880893409147,6.6696447911849395e-06,4.068483322622813e-06,2.4677685727384275e-06
0.019542040079740534,6.991468659015484e-06,4.2647958819994455e-06,2.5868434038357292e-06
0.020309176209047347,7.330223720230832e-06,4.471436469340807e-06,2.7121827764854077e-06
0.02110642679101555,7.686820222067987e-06,4.688960335461472e-06,2.844123482165155e-06
0.021934973989050602,8.062208877408725e-06,4.917947415219322e-06,2.983017284641228e-06
0.0227960463731898,8.457380730645343e-06,5.1590022456936595e-06,3.129230870338777e-06
0.023690920741826344,8.873366606013777e-06,5.412753629668403e-06,3.2831456442250972e-06
0.024620924014946255,9.311236058271845e-06,5.679853995545825e-06,3.4451573415605827e-06
0.025587435201685892,9.772095735230935e-06,5.96097839849087e-06,3.6156754220354457e-06
0.026591887445126937,1.025708705052328e-05,6.2568231008192015e-06,3.7951222086936137e-06
0.027635770147361603,1.0767383053190354e-05,6.568103662446116e-06,3.983931729680431e-06
0.02872063117797828,1.1304184368343259e-05,6.8955524646893874e-06,4.182548216287006e-06
0.029848079169243275,1.1868714070474175e-05,7.239915582989246e-06,4.391424206075444e-06
0.031019785901380968,1.2462211338262498e-05,7.6019489163401235e-06,4.611018195157124e-06
0.032237488781490305,1.3085923727293433e-05,7.982413473648993e-06,4.84179177909857e-06
0.033502993419772295,1.374109788547113e-05,8.382069710137389e-06,5.084206217624318e-06
0.034818176306889666,1.4428968525681545e-05,8.801670800665742e-06,5.338718354502172e-06
0.036184987596427465,1.5150745462205756e-05,9.241954731945512e-06,5.605775821016129e-06
0.03760545399658172,1.59075985124473e-05,9.703635092592853e-06,5.8858114496055015e-06
0.03908168177536264,1.6700640064841853e-05,1.018739043955353e-05,6.1792368239914854e-06
0.0406158598837698,1.753090511870372e-05,1.069385212240927e-05,6.486434893920376e-06
0.04221026320156899,1.8399328613773963e-05,1.1223590454402117e-05,6.807751587096366e-06
0.04386725591048499,1.9306719888129422e-05,1.1777099131758946e-05,7.143486358607886e-06
0.04558929499981059,2.0253734134839123e-05,1.2354777822251864e-05,7.493881629890475e-06
0.04737893390963144,2.1240840772427086e-05,1.2956912871180522e-05,7.859111085798021e-06
0.04923882631706741,2.22682887040256e-05,1.3583656109455615e-05,8.239266820489472e-06
0.051171730071146046,2.3336068517300833e-05,1.4235001795553508e-05,8.634345351401308e-06
0.053180511282142025,2.4443871773898902e-05,1.491076178207833e-05,9.044232556342593e-06
0.05526814857144603,2.5591047655101768e-05,1.5610539069612077e-05,9.468687632387654e-06
0.05743773748826587,2.677655737089498e-05,1.633369999624594e-05,9.907326227231144e-06
0.05969249509970734,2.7998926903241205e-05,1.7079345410977134e-05,1.0359602954199246e-05
0.06203576476104275,2.9256198840441737e-05,1.784628129266946e-05,1.0824793570963444e-05
0.0644710210732387,3.0545884265999595e-05,1.8632989402259754e-05,1.130197717841985e-05
0.0670018750350959,3.186491588848508e-05,1.94375986919759e-05,1.1790018878739479e-05
0.06963207939763882,3.320960383242098e-05,2.0257858337776797e-05,1.2287553417995762e-05
0.07236553422869657,3.45755957454575e-05,2.1091113404729077e-05,1.2792970425819276e-05
0.07520629269592408,3.595784310255392e-05,2.193428429255789e-05,1.330440194794495e-05
0.0781585670768409,3.7350575789041256e-05,2.2783851231315167e-05,1.3819713041945264e-05
0.08122673500479712,3.874728720395985e-05,2.3635845194415506e-05,1.4336496265465143e-05
0.08441534596012985,4.0140732223158725e-05,2.4485846656126823e-05,1.4852070922568727e-05
0.08772912801613356,4.152294037681208e-05,2.532899362985537e-05,1.5363487939420468e-05
0.09117299484984921,4.288524650625209e-05,2.6160000368813775e-05,1.5867541207313274e-05
0.09475205302806537,4.421834094943642e-05,2.6973187979156215e-05,1.6360786151291475e-05
0.09847160957933775,4.551234094524566e-05,2.7762527976599855e-05,1.6839566149740894e-05
0.10233717986325203,4.67568844319726e-05,2.8521699503503288e-05,1.7300047239829863e-05
0.10635449574860112,4.7941246740824326e-05,2.9244160511902838e-05,1.7738261294105e-05
0.11052951411260221,4.905447985768352e-05,2.9923232713186945e-05,1.8150157547342902e-05
0.11486842567375537,5.008557296530048e-05,3.055219950883329e-05,1.853166199716118e-05
0.1193776641714437,5.1023631917330626e-05,3.112441546957168e-05,1.887874380941233e-05
0.12406391590588318,5.185807418359488e-05,3.1633425251992874e-05,1.9187487447930104e-05
0.12893412965257156,5.257883470449058e-05,3.2073089169739256e-05,1.9454168840661515e-05
0.13399552696593384,5.317657707407132e-05,3.243771201518351e-05,1.9675333517406388e-05
0.13925561288744634,5.364290361442617e-05,3.272217120479996e-05,1.9847874337337684e-05
0.14472218707411344,5.397055728692507e-05,3.292203994502429e-05,1.9969106196162275e-05
0.15040335536380253,5.4153608079510154e-05,3.3033700928501195e-05,2.0036834989418756e-05
0.1563075417945816,5.418761656913494e-05,3.305444610717231e-05,2.0049418130579928e-05
0.1624435010958867,5.406976781786365e-05,3.2982558368896825e-05,2.000581409260955e-05
0.16882033167003627,5.379896962492282e-05,3.281737147120292e-05,1.9905618761221443e-05
0.17544748908334595,5.337591039835068e-05,3.2559305342993915e-05,1.9749086847389754e-05
0.18233480008684405,5.2803073470015075e-05,3.2209874816709195e-05,1.953713718390558e-05
0.18949247718738216,5.2084706469062786e-05,3.17716709461283e-05,1.927134139355323e-05
0.19693113379074217,5.122674628143405e-05,3.124831523167477e-05,1.89538961241306e-05
0.20466179993919897,5.023670203406485e-05,3.064438824077956e-05,1.8587579752603994e-05
0.21269593866686898,4.91235003270251e-05,2.996533519948531e-05,1.8175695120999286e-05
0.22104546299710215,4.789729847984551e-05,2.921735207270576e-05,1.772200043754284e-05
0.22972275360711536,4.656927276443342e-05,2.8407256386304386e-05,1.7230630922840366e-05
0.2387406771860647,4.515138939926751e-05,2.7542347533553183e-05,1.670601407772898e-05
0.24811260551377703,4.365616644425417e-05,2.6630261530995042e-05,1.615278158437404e-05
0.2578524352884274,4.209643466360727e-05,2.5678825144800435e-05,1.557568082553469e-05
0.26797460873256923,4.048510494861121e-05,2.4695914018652838e-05,1.4979488830986149e-05
0.2784941350080644,3.883494907336433e-05,2.368931893475224e-05,1.4368931157144804e-05
0.28942661247167517,3.715839947419814e-05,2.2666623679260864e-05,1.3748607805453311e-05
0.3007882518043099,3.546737248776866e-05,2.163509721753888e-05,1.3122927820474405e-05
0.3125959000482281,3.3773118146129846e-05,2.0601602069139205e-05,1.2496053714068043e-05
0.32486706558783746,3.2086098295956184e-05,1.9572519960533273e-05,1.1871856369503788e-05
0.337619944111134,3.0415893558056374e-05,1.855369507041439e-05,1.1253880616480858e-05
0.3508734455902711,2.8771138530969054e-05,1.7550394503891122e-05,1.064532125645855e-05
0.3646472223212749,2.7159483709271536e-05,1.6567285062655636e-05,1.0049008972430468e-05
0.3789616980644716,2.5587581855748947e-05,1.5608424932006856e-05,9.46740528662711e-06
0.3938380983288489,2.406109604270608e-05,1.4677268586050709e-05,8.90260553580125e-06
0.4092984818452438,2.258472625355163e-05,1.3776683014666494e-05,8.356348713814104e-06
0.4253657732750387,2.1162251292801446e-05,1.2908973288608881e-05,7.830032978336534e-06
0.442063797202853,1.9796582765149666e-05,1.2075915486741296e-05,7.3247356231053765e-06
0.4594173134636476,1.8489828022618914e-05,1.1278795093797538e-05,6.8412363683689985e-06
0.47745205385661316,1.7243359212342235e-05,1.0518449119528763e-05,6.380042908566627e-06
0.4961947603002903,1.6057885856709597e-05,9.795310372592854e-06,5.941417766982551e-06
0.5156732244854969,1.493352873570219e-05,9.109452528778336e-06,5.52540563220981e-06
0.5359163290848514,1.386989319530891e-05,8.460634849138435e-06,5.131860482264297e-06
0.5569540905800135,1.2866140357357213e-05,7.8483456179879e-06,4.760471932222169e-06
0.5788177037701274,1.1921055040659245e-05,7.27184357480214e-06,4.410790365043921e-06
0.6015395880274839,1.1033109510960026e-05,6.730196801685616e-06,4.082250519055209e-06
0.6251534353689712,1.0200522451348764e-05,6.222318695322745e-06,3.7741933069990426e-06
0.6496942604146124,9.421312782217466e-06,5.747000797152654e-06,3.4858857294204627e-06
0.6751984523072502,8.693348159683586e-06,5.302942377406988e-06,3.216538819082927e-06
0.701703828670383,8.014388144674416e-06,4.8887767682513936e-06,2.965323613529534e-06
0.7292496916841444,7.382122163990799e-06,4.503094520034388e-06,2.7313852006765954e-06
0.757876886362593,6.794202482876874e-06,4.144463514554893e-06,2.5138549186644435e-06
0.7876278611187055,6.248272479657554e-06,3.811446212591108e-06,2.311860817473295e-06
0.8185467307069029,5.741990560767611e-06,3.5026142420682424e-06,2.124536507484016e-06
0.8506793416364153,5.2730500828356585e-06,3.2165605505297514e-06,1.9510285306491936e-06
0.8840733401525063,4.839195661030129e-06,2.9519093532283787e-06,1.7905023945811479e-06
0.918778242886333,4.438236242934423e-06,2.707324108189998e-06,1.6421474098857365e-06
0.9548455102782294,4.06805531772324e-06,2.481513743811176e-06,1.5051804675575986e-06
0.9923286228832545,3.726618613895916e-06,2.273237354476509e-06,1.378848887141489e-06
1.0312831606721848,3.411979617418332e-06,2.0813075666251823e-06,1.262432458444783e-06
1.0717668854455034,3.122283217595501e-06,1.9045927627332556e-06,1.1552447905103355e-06
1.1138398264826206,2.8557677617583373e-06,1.7420183346725857e-06,1.0566340718505848e-06
1.1575643695533036,2.6107657730167055e-06,1.5925671215401902e-06,9.65983336016181e-07
1.2030053494233242,2.385703558755689e-06,1.4552791708409704e-06,8.82710316739605e-07
1.250230145991456,2.179099911862271e-06,1.3292509462359851e-06,8.062669673890403e-07
1.2993087842004172,1.9895640823065255e-06,1.2136340902069805e-06,7.361387104534145e-07
1.3503140378698721,1.8157931739579917e-06,1.107633836114375e-06,6.718434743644569e-07
1.4033215376054846,1.6565691005646746e-06,1.0105071513444516e-06,6.129305672089296e-07
1.4584098829439864,1.5107552157383741e-06,9.215606816004082e-07,5.589794298231984e-07
1.5156607589006044,1.3772927145818815e-06,8.401485558949478e-07,5.095983043952961e-07
1.5751590570916212,1.2551968892171853e-06,7.65670102422483e-07,4.6442284901035856e-07
1.6369930016117018,1.1435533068458776e-06,6.975675171759853e-07,4.231147235329747e-07
1.7012542798525891,1.041513966987799e-06,6.353235198625573e-07,3.853601677854856e-07
1.7680381784572086,9.482934840788636e-07,5.784590252881068e-07,3.508685891091795e-07
1.837443724610725,8.631653325357169e-07,5.265308528467873e-07,3.193711730382152e-07
1.9095738328780967,7.854581835813287e-07,4.791294919846105e-07,2.906195279250916e-07
1.9845354578058032,7.145523564435342e-07,4.358769374305558e-07,2.6438437188410765e-07
2.0624397525140927,6.498764008635706e-07,3.9642460452677807e-07,2.4045426831952114e-07
2.1434022335148546,5.90903823067723e-07,3.60451332071311e-07,2.186344145350575e-07
2.227542951999556,5.371499633532558e-07,3.2766147764548603e-07,1.9874548644070464e-07
2.314986671851161,4.881690301209563e-07,2.9778310837378337e-07,1.8062254114475385e-07
2.4058630546440667,4.435512924599902e-07,2.70566288400594e-07,1.6411397821019637e-07
2.5003068519063265,4.0292043117555873e-07,2.4578146301709083e-07,1.4908055953495673e-07
2.598458104929247,3.659310463729368e-07,2.2321793828749142e-07,1.353944871579866e-07
2.700462352420682,3.3226631830868547e-07,2.0268245416829813e-07,1.2293853777421363e-07
2.8064708463098387,3.0163581713432403e-07,1.8399784845193767e-07,1.1160525233969989e-07
2.9166407760237067,2.7377345633955337e-07,1.6700180836712755e-07,1.0129617884563474e-07
3.0311355015675763,2.4843558410810347e-07,1.515457063059431e-07,9.192116611999828e-08
3.1501247957553278,2.253992063914898e-07,1.3749351589880878e-07,8.339770636485123e-08
3.2737850959485773,2.0446033525212173e-07,1.2472080450379426e-07,7.565032404328504e-08
3.4022997656780714,1.8543245589919773e-07,1.1311379809851062e-07,6.861000868270316e-08
3.535859366535176,1.6814510581492355e-07,1.0256851454710337e-07,6.221368915152171e-08
3.674661940736688,1.5244255942432272e-07,9.298996124883686e-08,5.64037469869994e-08
3.818913304781854,1.3818261188215266e-07,8.429139324811312e-08,5.1127566396396484e-08
3.968827354637166,1.252354557205808e-07,7.639362798955429e-08,4.63371186166149e-08
4.124626382901348,1.1348264430924812e-07,6.922441302864135e-08,4.19885783944218e-08
4.286541408420925,1.0281613631487498e-07,6.271784315207373e-08,3.8041970436503746e-08
4.454812518844989,9.313741560235317e-08,5.681382351743543e-08,3.446084377287067e-08
4.629689226627268,8.43566812862869e-08,5.145757558463501e-08,3.1211972075926154e-08
4.811430839003265,7.639210291565131e-08,4.65991827785473e-08,2.8265078078790985e-08
5.0003068424910895,6.916913604997433e-08,4.219317299048434e-08,2.55925803384905e-08
5.196597302486198,6.261989375960787e-08,3.8198135193360796e-08,2.316936069105491e-08
5.400593278542374,5.668256985236005e-08,3.457636760993963e-08,2.0972550845373217e-08
5.612597255954977,5.130090989173023e-08,3.129355503395544e-08,1.8981336659940185e-08
5.8329235942862,4.642372632659997e-08,2.831847305922598e-08,1.717677874084199e-08
6.061898993497572,4.200445429716805e-08,2.5622717121272513e-08,1.554164808995218e-08
6.299862978380693,3.80007449163632e-08,2.318045439898155e-08,1.4060275619054383e-08
6.5471684020047425,3.437409304930703e-08,2.096819676007729e-08,1.2718414428243602e-08
6.804181968927094,3.108949682535758e-08,1.8964593063468123e-08,1.1503113825382304e-08
7.071284778942996,2.8115146317680108e-08,1.7150239253784867e-08,1.040260413754164e-08
7.348872892180388,2.5422139014239883e-08,1.5507504798686328e-08,9.406191435268756e-09
7.637357916378027,2.298421988173366e-08,1.4020374127857532e-08,8.504161356241454e-09
7.9371676172175425,2.0777543990562613e-08,1.2674301834243193e-08,7.687691276508167e-09
8.24874655261458,1.8780459824817163e-08,1.145608049313847e-08,6.94877013518235e-09
8.572556731909325,1.6973311546807293e-08,1.0353720043552449e-08,6.280125272318699e-09
8.909078300934143,1.5338258621349655e-08,9.356337759023289e-09,5.675155689899372e-09
9.258810253973945,1.3859111331290561e-08,8.454057912087242e-09,5.127871192577507e-09
9.622271173675134,1.252118083306123e-08,7.63792030816735e-09,4.632836908232655e-09
10.0,1.1311142509922899e-08,6.899796931052968e-09,4.185122728671472e-09
